,rede,desc,publico
0,WhatsApp,"É um aplicativo de mensagens instantâneas que permite troca de textos, fotos, vídeos, áudios, documentos e chamadas de voz e vídeo. Muito utilizado para conversas privadas ou em grupos.","Usuários de todas as idades, com uma presença forte em mercados emergentes, como Brasil, Índia e países da América Latina. Principalmente pessoas que buscam uma maneira prática e rápida de comunicação."
1,TikTok,"Plataforma de vídeos curtos, onde os usuários criam e compartilham conteúdos criativos como danças, comédias e desafios, com recursos de edição e músicas populares.","Majoritariamente jovens, especialmente da geração Z (adolescentes e jovens adultos). A plataforma também tem se expandido para alcançar o público millennial."
2,Pinterest,"Rede social visual focada em descobertas e inspiração, onde os usuários ""pinem"" imagens, ideias e projetos em quadros (boards) sobre temas como decoração, moda, culinária e DIY.","Predominantemente feminino, com interesse em tópicos como decoração de interiores, moda, arte e receitas. Usuários de diversas idades, mas com destaque para mulheres de 25 a 45 anos."
3,Quora,"Plataforma de perguntas e respostas, onde os usuários podem fazer perguntas sobre diversos temas e responder a perguntas de outros, com base em suas experiências ou conhecimento.","Pessoas interessadas em aprender ou compartilhar conhecimento. O público inclui estudantes, profissionais e curiosos de várias áreas de interesse."
4,Telegram,"Aplicativo de mensagens focado em segurança e privacidade, com suporte a chats privados, grupos, canais públicos e bots para automação e interação.","Usuários que valorizam a privacidade, comunidades tecnológicas e políticas, além de pessoas em busca de uma alternativa aos serviços de mensagens tradicionais."
5,Facebook,"Rede social que permite criar perfis pessoais, compartilhar fotos, vídeos, status, participar de grupos e eventos, além de curtir páginas de marcas e pessoas públicas.","Usuários de todas as idades, mas com um público crescente de pessoas acima dos 30 anos. Popular em várias faixas etárias, especialmente entre adultos e idosos."
6,YouTube,"Plataforma de compartilhamento de vídeos, onde usuários podem assistir e criar vídeos sobre uma vasta gama de tópicos, desde entretenimento até conteúdo educacional e profissional.","Pessoas de todas as idades, com uma audiência forte entre jovens adultos e adolescentes. A plataforma é usada tanto para entretenimento quanto para aprendizado."
7,Twitch,"Plataforma de streaming ao vivo, focada principalmente em jogos eletrônicos, eSports e interações ao vivo com os espectadores. Também é usada para transmissões de música e bate-papos.","Principalmente jovens entre 18 e 34 anos, especialmente gamers e entusiastas de eSports, com uma base crescente de pessoas interessadas em outros tipos de conteúdo ao vivo."
8,LinkedIn,"Rede social profissional onde usuários criam perfis com informações sobre suas carreiras, estabelecem conexões de trabalho, buscam ou publicam vagas de emprego e compartilham conteúdo profissional.","Profissionais de todas as áreas, com foco em adultos de 25 a 50 anos que buscam expandir suas redes de contato e promover suas carreiras."
9,Discord,"Plataforma de comunicação por texto, voz e vídeo, originalmente voltada para gamers, mas que também é usada por comunidades de interesse diverso para debates, organização de eventos e interações sociais.","Principalmente jovens e adultos jovens, com uma forte presença de gamers, mas também utilizada por grupos de estudos, fãs de tecnologia, música e outras áreas de interesse."
10,Instagram,"Plataforma de compartilhamento de fotos e vídeos curtos (Reels), onde os usuários podem interagir com conteúdo visual e acompanhar influenciadores, marcas e amigos. Também tem recursos de mensagens diretas e stories.","Jovens adultos e adolescentes, especialmente da geração Z e millennials, sendo a rede favorita de influenciadores e criadores de conteúdo."
11,Snapchat,"Aplicativo de mensagens que permite o envio de fotos e vídeos efêmeros (que desaparecem após visualização), com vários filtros e efeitos divertidos, além de “stories” que duram 24 horas.","Principalmente adolescentes e jovens adultos (15-30 anos), com foco em um público mais jovem que busca comunicação rápida e interativa."
12,Vimeo,"Plataforma de hospedagem e compartilhamento de vídeos de alta qualidade, frequentemente usada por profissionais e criadores de conteúdo que buscam exibir suas produções audiovisuais com uma qualidade superior.","Criadores de conteúdo profissional, cineastas, videomakers e empresas que desejam mostrar trabalhos de alta qualidade, com foco em um público mais artístico e profissional."
13,Reddit,"Fórum de discussão com comunidades (subreddits) voltadas para praticamente qualquer interesse, onde os usuários podem postar perguntas, respostas, links, imagens e participar de debates.","Jovens adultos, geeks, entusiastas de tecnologia e pessoas interessadas em discussões detalhadas sobre tópicos específicos. O público é variado, mas com um foco em comunidades e nichos."
14,Twitter,"Plataforma de microblogging onde os usuários postam mensagens curtas (tweets), com até 280 caracteres, para compartilhar pensamentos, notícias ou interagir com outros usuários.","Usuários de todas as idades, mas com uma forte presença de jornalistas, políticos, celebridades e aqueles que buscam se manter informados sobre eventos em tempo real."
15,Flickr,"Plataforma de hospedagem e compartilhamento de fotos, com foco na qualidade da imagem. Os usuários podem organizar suas fotos em álbuns e compartilhar com outros usuários ou em suas redes sociais.","Fotógrafos profissionais e amadores, artistas visuais e pessoas apaixonadas por fotografia, além de entusiastas da arte visual e colecionadores de imagens de alta qualidade."
